class,vmt_total
Collector,5403138.471570775
Freeway,42567195.87342119
Freeway Connector Ramp,1771027.2783332644
Local Collector,3893764.2912162906
Local Ramp,2585940.9727941514
Local Road,2467076.1549385404
Major Arterial,13489802.05267342
Prime Arterial,6660223.622338224
Rural Coolector,820830.6652606882
