type,vehicle_miles
intrazonal_vmt,177760.989291532
vmt,79658999.38254654
