type,rsm_base,rsm_scen,donor_model
total_vmt,71048847.3905189,76322638.08217683,83811851.6173017
