num_hhs,auto_ownership,hh_size,hh_income
1197126,1.85761899749901,2.727773016374216,80109.06513850672
